{"chart_name":"clarks","classes":{"arch_type":"high"},"compared_to_world":{"female":{"left":{"ankle_wrap":59.02763501419931,"arch_height":39.060570618016335,"ball_girth":99.8903298888003,"forefoot_height":99.72811436003121,"heel_width":99.94129887247868,"instep_girth":99.99899456936295,"instep_height":99.99151613387008,"length":99.91646841843587,"short_heel_girth":99.97373104401808,"width":95.57918833217374},"right":{"ankle_wrap":66.16632824110317,"arch_height":89.7784784160621,"ball_girth":99.99925227796818,"forefoot_height":99.85679499226214,"heel_width":99.99908173853596,"instep_girth":99.9999761597754,"instep_height":99.9994266593476,"length":99.74839209721101,"short_heel_girth":99.99988194346207,"width":99.94848732122065}},"male":{"left":{"ankle_wrap":59.32939760794077,"arch_height":37.758251885048075,"ball_girth":97.32650957106155,"forefoot_height":99.33920036219796,"heel_width":99.7857948376511,"instep_girth":99.75750016810942,"instep_height":99.43551124718898,"length":86.209126791747,"short_heel_girth":99.67464251743581,"width":74.31825397678894},"right":{"ankle_wrap":66.69389643821869,"arch_height":86.76374915146894,"ball_girth":99.89420641500719,"forefoot_height":99.59105532616634,"heel_width":99.99334479633882,"instep_girth":99.97818098025195,"instep_height":99.89370386362448,"length":79.21915731862308,"short_heel_girth":99.9951300810338,"width":98.32803075490655}},"unisex":{"left":{"ankle_wrap":60.88075070202539,"arch_height":37.829668041121714,"ball_girth":97.16440959534104,"forefoot_height":99.33457068660448,"heel_width":99.78625554788727,"instep_girth":99.62495055690948,"instep_height":99.46889846001076,"length":92.9982556025469,"short_heel_girth":99.65973668788233,"width":74.18840270378392},"right":{"ankle_wrap":67.89760484504312,"arch_height":87.85171368643951,"ball_girth":99.90688174350903,"forefoot_height":99.62680029718621,"heel_width":99.9942618254374,"instep_girth":99.97081475610965,"instep_height":99.92426110331743,"length":89.31037423412708,"short_heel_girth":99.99567073696787,"width":98.51119693632225}}},"sizes":{"length__uk__kids":{"labels":["3.0","3.5","4.0","4.5","5.0","5.5","6.0","6.5","7.0","7.5","8.0","8.5","9.0","9.5","10.0","10.5","11.0","11.5","12.0","12.5","13.0","13.5","C1.0","C1.5","C2.0","C2.5","C3.0","C3.5","C4.0","C4.5","C5.0","C5.5","C6.0","C6.5","C7.0","C7.5","C8.0","C8.5","C9.0"],"left":{"index":38,"label":"C9.0","over_or_under":2,"value":42.060652499999996},"right":{"index":38,"label":"C9.0","over_or_under":2,"value":40.920379999999994}},"length__uk__men__adults":{"labels":["5.0","5.5","6.0","6.5","7.0","7.5","8.0","8.5","9.0","9.5","10.0","10.5","11.0","11.5","12.0","12.5","13.0","13.5","14.0","14.5","15.0","15.5","16.0"],"left":{"index":12,"label":"11.0","value":11.165024444444452},"right":{"index":11,"label":"10.5","value":10.151448888888888}},"length__uk__women__adults":{"labels":["2.0","2.5","3.0","3.5","4.0","4.5","5.0","5.5","6.0","6.5","7.0","7.5","8.0"],"left":{"index":12,"label":"8.0","over_or_under":2,"value":17.053913333333327},"right":{"index":12,"label":"8.0","over_or_under":2,"value":16.040337777777776}},"width__uk__kids":{"labels":["C","D","E","F","G","H"],"left":{"index":5,"label":"H","over_or_under":2,"value":8.437388333333324},"right":{"index":5,"label":"H","over_or_under":2,"value":10.194833333333328}},"width__uk__men__adults":{"labels":["E","F","G","H"],"left":{"index":3,"label":"H","over_or_under":2,"value":3.937388333333343},"right":{"index":3,"label":"H","over_or_under":2,"value":6.194833333333329}},"width__uk__women__adults":{"labels":["A","B","C","D","E"],"left":{"index":4,"label":"E","over_or_under":2,"value":9.27072166666666},"right":{"index":4,"label":"E","over_or_under":2,"value":11.028166666666662}}},"ui_name":"clarks","user_input":{"age_group":"adults","gender":"men"}}
