{"left":{"ankle_wrap":59.32939760794077,"arch_height":37.758251885048075,"ball_girth":97.32650957106155,"forefoot_height":99.33920036219796,"heel_width":99.7857948376511,"instep_girth":99.75750016810942,"instep_height":99.43551124718898,"length":86.209126791747,"short_heel_girth":99.67464251743581,"width":74.31825397678894},"right":{"ankle_wrap":66.69389643821869,"arch_height":86.76374915146894,"ball_girth":99.89420641500719,"forefoot_height":99.59105532616634,"heel_width":99.99334479633882,"instep_girth":99.97818098025195,"instep_height":99.89370386362448,"length":79.21915731862308,"short_heel_girth":99.9951300810338,"width":98.32803075490655}}
