{"shoeWidth": {"right": {"index": 3, "over_or_under": 2, "value": 6.194833333333329, "label": "H"}, "left": {"index": 3, "over_or_under": 2, "value": 3.937388333333343, "label": "H"}, "labels": ["E", "F", "G", "H"]}, "shoeSize": {"right": {"index": 11, "value": 10.151448888888888, "label": "10.5"}, "left": {"index": 12, "value": 11.165024444444452, "label": "11.0"}, "labels": ["5.0", "5.5", "6.0", "6.5", "7.0", "7.5", "8.0", "8.5", "9.0", "9.5", "10.0", "10.5", "11.0", "11.5", "12.0", "12.5", "13.0", "13.5", "14.0", "14.5", "15.0", "15.5", "16.0"]}}