{
    "measurements": {
        "left_length":                    0.28324261,
        "left_width":                     0.10947128,
        "left_ankle_wrap":                0.25983882,
        "left_arch_height":               0.011960387,
        "left_back_arch_gap_90":          0.0095588183,
        "left_ball_girth":                0.28762433,
        "left_bauer_fit":                 0.55225223,
        "left_forefoot_height":           0.041415464,
        "left_heel_to_ball":              0.18608996,
        "left_heel_width":                0.082446635,
        "left_height_80":                 0.041415464,
        "left_height_90":                 0.033030491,
        "left_instep_girth":              0.30250978,
        "left_instep_height":             0.078241616,
        "left_lateral_half_width":        0.066260345,
        "left_lateral_half_width_44":     0.056158822,
        "left_lateral_half_width_50":     0.060253728,
        "left_lateral_half_width_58":     0.065780289,
        "left_lateral_half_width_66":     0.06477578,
        "left_lateral_half_width_74":     0.064426556,
        "left_lateral_half_width_82":     0.055264961,
        "left_lateral_half_width_90":     0.042774323,
        "left_medial_half_width":         0.043210927,
        "left_medial_half_width_44":      0.044127166,
        "left_medial_half_width_50":      0.043224704,
        "left_medial_half_width_58":      0.04369304,
        "left_medial_half_width_66":      0.043177892,
        "left_medial_half_width_74":      0.042052668,
        "left_medial_half_width_82":      0.039679952,
        "left_medial_half_width_90":      0.041743007,
        "left_plastic_height":            0.15169929,
        "left_short_heel_girth":          0.39298135,
        "left_waist_girth":               0.3019655,
        "left_waist_lateral_half_width":  0.053800479,
        "right_length":                   0.27868152,
        "right_width":                    0.1154253,
        "right_ankle_wrap":               0.26608446,
        "right_arch_height":              0.017288061,
        "right_back_arch_gap_90":         0.011374558,
        "right_ball_girth":               0.298169,
        "right_bauer_fit":                0.58019286,
        "right_forefoot_height":          0.041439045,
        "right_heel_to_ball":             0.19127198,
        "right_heel_width":               0.0854403,
        "right_height_80":                0.041439045,
        "right_height_90":                0.030574786,
        "right_instep_girth":             0.30888781,
        "right_instep_height":            0.080401316,
        "right_lateral_half_width":       0.069285214,
        "right_lateral_half_width_44":    0.058341794,
        "right_lateral_half_width_50":    0.062707581,
        "right_lateral_half_width_58":    0.0689444,
        "right_lateral_half_width_66":    0.068490379,
        "right_lateral_half_width_74":    0.065272152,
        "right_lateral_half_width_82":    0.055164352,
        "right_lateral_half_width_90":    0.043415707,
        "right_medial_half_width":        0.046140093,
        "right_medial_half_width_44":     0.044864792,
        "right_medial_half_width_50":     0.043788835,
        "right_medial_half_width_58":     0.043637034,
        "right_medial_half_width_66":     0.045657359,
        "right_medial_half_width_74":     0.045521934,
        "right_medial_half_width_82":     0.045173388,
        "right_medial_half_width_90":     0.045654509,
        "right_plastic_height":           0.15275027,
        "right_short_heel_girth":         0.4021478,
        "right_waist_girth":              0.30995077,
        "right_waist_lateral_half_width": 0.055835124
    }
}
