{
    "world_from_foot":   {
        "left":  [
            [ 0.98664683, -0.15563443, 0.0, -0.064625084 ],
            [ 0.15564479, 0.98658121, -0.0, -0.17005965 ],
            [ -0.0, 0.0, 0.97309482, 0.0 ],
            [ 0.0, 0.0, 0.0, 1.0 ]
        ],
        "right": [
            [ 0.99740738, -0.060204651, 0.0, 0.081153169 ],
            [ 0.060246553, 0.9967134, -0.0, -0.17647927 ],
            [ -0.0, 0.0, 0.97309482, -0.0 ],
            [ 0.0, 0.0, 0.0, 1.0 ]
        ]
    },
    "world_from_ground": [
        [ 0.411093, 0.0, 0.0, 0.0 ],
        [ 0.0, 0.411093, 0.0, 0.0 ],
        [ 0.0, 0.0, 0.411093, 0.0 ],
        [ 0.0, 0.0, 0.0, 1.0 ]
    ]
}
