{"left":{"ankle_wrap":54.24432967552637,"arch_height":50.21667746887347,"ball_girth":93.12008778047523,"forefoot_height":98.21132899174141,"heel_width":98.43143576430822,"instep_girth":99.30347865415897,"instep_height":99.1879989792267,"length":77.02524266762279,"short_heel_girth":96.8350250638917,"width":67.57080057924576},"right":{"ankle_wrap":61.05916291034544,"arch_height":60.34715756858709,"ball_girth":97.66226971403557,"forefoot_height":88.1337012089146,"heel_width":99.92610091484121,"instep_girth":99.58209142944774,"instep_height":97.19005847880477,"length":77.94627293193184,"short_heel_girth":99.79160323052318,"width":93.33857565132388}}