{"shoeWidth": {"right": {"index": 3, "over_or_under": 2, "value": 4.460106153846148, "label": "H"}, "left": {"index": 3, "over_or_under": 2, "value": 3.5398246153846156, "label": "H"}, "labels": ["E", "F", "G", "H"]}, "shoeSize": {"right": {"index": 10, "value": 9.989777499999995, "label": "10.0"}, "left": {"index": 10, "value": 9.862804999999993, "label": "10.0"}, "labels": ["5.0", "5.5", "6.0", "6.5", "7.0", "7.5", "8.0", "8.5", "9.0", "9.5", "10.0", "10.5", "11.0", "11.5", "12.0", "12.5", "13.0", "13.5", "14.0", "14.5", "15.0", "15.5", "16.0"]}}