{"chart_name":"clarks","classes":{"arch_type":"mid"},"compared_to_world":{"female":{"left":{"ankle_wrap":52.67676673878204,"arch_height":52.720565454562326,"ball_girth":99.51062354356112,"forefoot_height":99.24025071118572,"heel_width":99.46460387809128,"instep_girth":99.99513585538588,"instep_height":99.98580454191102,"length":99.66732907782642,"short_heel_girth":99.51151549216061,"width":92.9268182687652},"right":{"ankle_wrap":60.03335897357732,"arch_height":63.538839130623195,"ball_girth":99.91460606045968,"forefoot_height":93.03802058936002,"heel_width":99.98524031976473,"instep_girth":99.99782797671392,"instep_height":99.891716162079,"length":99.70327939145282,"short_heel_girth":99.98635620876335,"width":99.53817169281471}},"male":{"left":{"ankle_wrap":54.24432967552637,"arch_height":50.21667746887347,"ball_girth":93.12008778047523,"forefoot_height":98.21132899174141,"heel_width":98.43143576430822,"instep_girth":99.30347865415897,"instep_height":99.1879989792267,"length":77.02524266762279,"short_heel_girth":96.8350250638917,"width":67.57080057924576},"right":{"ankle_wrap":61.05916291034544,"arch_height":60.34715756858709,"ball_girth":97.66226971403557,"forefoot_height":88.1337012089146,"heel_width":99.92610091484121,"instep_girth":99.58209142944774,"instep_height":97.19005847880477,"length":77.94627293193184,"short_heel_girth":99.79160323052318,"width":93.33857565132388}},"unisex":{"left":{"ankle_wrap":54.910241974231354,"arch_height":50.83571259905183,"ball_girth":94.03042457871152,"forefoot_height":98.37021220597506,"heel_width":98.60781118408181,"instep_girth":99.29839669690014,"instep_height":99.40147667437311,"length":88.10996872981178,"short_heel_girth":97.2506210573322,"width":70.49228341407544},"right":{"ankle_wrap":62.0226819433233,"arch_height":61.26730992104758,"ball_girth":97.97348601759278,"forefoot_height":88.73613364105421,"heel_width":99.93622517583151,"instep_girth":99.55502414856656,"instep_height":97.75311255913385,"length":88.61657838123406,"short_heel_girth":99.82025893720494,"width":94.12284093006996}}},"sizes":{"length__uk__kids":{"labels":["3.0","3.5","4.0","4.5","5.0","5.5","6.0","6.5","7.0","7.5","8.0","8.5","9.0","9.5","10.0","10.5","11.0","11.5","12.0","12.5","13.0","13.5","C1.0","C1.5","C2.0","C2.5","C3.0","C3.5","C4.0","C4.5","C5.0","C5.5","C6.0","C6.5","C7.0","C7.5","C8.0","C8.5","C9.0"],"left":{"index":38,"label":"C9.0","over_or_under":2,"value":40.612804999999994},"right":{"index":38,"label":"C9.0","over_or_under":2,"value":40.739777499999995}},"length__uk__men__adults":{"labels":["5.0","5.5","6.0","6.5","7.0","7.5","8.0","8.5","9.0","9.5","10.0","10.5","11.0","11.5","12.0","12.5","13.0","13.5","14.0","14.5","15.0","15.5","16.0"],"left":{"index":10,"label":"10.0","value":9.862804999999993},"right":{"index":10,"label":"10.0","value":9.989777499999995}},"length__uk__women__adults":{"labels":["2.0","2.5","3.0","3.5","4.0","4.5","5.0","5.5","6.0","6.5","7.0","7.5","8.0"],"left":{"index":12,"label":"8.0","over_or_under":2,"value":15.766937777777772},"right":{"index":12,"label":"8.0","over_or_under":2,"value":15.879802222222219}},"width__uk__kids":{"labels":["C","D","E","F","G","H"],"left":{"index":5,"label":"H","over_or_under":2,"value":7.08481},"right":{"index":5,"label":"H","over_or_under":2,"value":8.08178166666666}},"width__uk__men__adults":{"labels":["E","F","G","H"],"left":{"index":3,"label":"H","over_or_under":2,"value":3.5398246153846156},"right":{"index":3,"label":"H","over_or_under":2,"value":4.460106153846148}},"width__uk__women__adults":{"labels":["A","B","C","D","E"],"left":{"index":4,"label":"E","over_or_under":2,"value":7.918143333333333},"right":{"index":4,"label":"E","over_or_under":2,"value":8.915114999999993}}},"ui_name":"clarks","user_input":{"age_group":"adults","gender":"men"}}
