{
    "measurements": {
        "left_length":                    0.27745122,
        "left_width":                     0.107363,
        "left_ankle_wrap":                0.25224558,
        "left_arch_height":               0.013111062,
        "left_back_arch_gap_90":          0.0043531945,
        "left_ball_girth":                0.27950886,
        "left_bauer_fit":                 0.54191941,
        "left_forefoot_height":           0.039914727,
        "left_heel_to_ball":              0.18245921,
        "left_heel_width":                0.078426145,
        "left_height_80":                 0.039914727,
        "left_height_90":                 0.027474064,
        "left_instep_girth":              0.29530326,
        "left_instep_height":             0.077037647,
        "left_lateral_half_width":        0.0650686,
        "left_lateral_half_width_44":     0.055025306,
        "left_lateral_half_width_50":     0.059810858,
        "left_lateral_half_width_58":     0.064530291,
        "left_lateral_half_width_66":     0.0633802,
        "left_lateral_half_width_74":     0.062869824,
        "left_lateral_half_width_82":     0.053007197,
        "left_lateral_half_width_90":     0.035847839,
        "left_medial_half_width":         0.0422944,
        "left_medial_half_width_44":      0.0421406,
        "left_medial_half_width_50":      0.041129287,
        "left_medial_half_width_58":      0.042787783,
        "left_medial_half_width_66":      0.042258542,
        "left_medial_half_width_74":      0.040837891,
        "left_medial_half_width_82":      0.037803896,
        "left_medial_half_width_90":      0.0369571,
        "left_plastic_height":            0.15337737,
        "left_short_heel_girth":          0.37676951,
        "left_waist_girth":               0.2929948,
        "left_waist_lateral_half_width":  0.053374846,
        "right_length":                   0.27795911,
        "right_width":                    0.1123537,
        "right_ankle_wrap":               0.25960928,
        "right_arch_height":              0.014080221,
        "right_back_arch_gap_90":         0.0091349147,
        "right_ball_girth":               0.28549069,
        "right_bauer_fit":                0.56119341,
        "right_forefoot_height":          0.037579607,
        "right_heel_to_ball":             0.19056961,
        "right_heel_width":               0.082692,
        "right_height_80":                0.037579607,
        "right_height_90":                0.026227962,
        "right_instep_girth":             0.29774451,
        "right_instep_height":            0.074701853,
        "right_lateral_half_width":       0.06771072,
        "right_lateral_half_width_44":    0.055216216,
        "right_lateral_half_width_50":    0.059859317,
        "right_lateral_half_width_58":    0.066429473,
        "right_lateral_half_width_66":    0.066524319,
        "right_lateral_half_width_74":    0.06634374,
        "right_lateral_half_width_82":    0.055794727,
        "right_lateral_half_width_90":    0.041290734,
        "right_medial_half_width":        0.044642985,
        "right_medial_half_width_44":     0.046120208,
        "right_medial_half_width_50":     0.046020117,
        "right_medial_half_width_58":     0.044275928,
        "right_medial_half_width_66":     0.044332113,
        "right_medial_half_width_74":     0.043556534,
        "right_medial_half_width_82":     0.04090225,
        "right_medial_half_width_90":     0.0397385,
        "right_plastic_height":           0.15276262,
        "right_short_heel_girth":         0.38920695,
        "right_waist_girth":              0.2981447,
        "right_waist_lateral_half_width": 0.052322846
    }
}
