{
    "world_from_foot":   {
        "left":  [
            [ 0.98027796, -0.15319596, 0.0, -0.035742491 ],
            [ 0.15342993, 0.97878325, -0.0, -0.15281819 ],
            [ -0.0, 0.0, 0.97309488, 0.0 ],
            [ 0.0, 0.0, 0.0, 1.0 ]
        ],
        "right": [
            [ 0.99323654, 0.016344177, -0.0, 0.080086209 ],
            [ -0.016385034, 0.99075931, 0.0, -0.16238421 ],
            [ 0.0, -0.0, 0.97309476, 0.0 ],
            [ 0.0, 0.0, 0.0, 1.0 ]
        ]
    },
    "world_from_ground": [
        [ 0.411093, 0.0, 0.0, 0.0 ],
        [ 0.0, 0.411093, 0.0, 0.0 ],
        [ 0.0, 0.0, 0.411093, 0.0 ],
        [ 0.0, 0.0, 0.0, 1.0 ]
    ]
}
